{"cameraMode":{"drawMode":0,"name":"Shaded","section":"Shading Mode"},"sceneLighting":true,"audioPlay":false,"sceneViewState":{"showFog":true,"showMaterialUpdate":true,"showSkybox":false,"showFlares":true,"showImageEffects":true,"showParticleSystems":true},"in2DMode":false,"pivot":{"x":-21.025711059570314,"y":20.059999465942384,"z":-53.251502990722659},"rotation":{"x":0.015179826878011227,"y":0.09993933886289597,"z":-0.001962460810318589,"w":0.9949939250946045},"size":170.63873291015626,"orthographic":false}