{"cameraMode":{"drawMode":0,"name":"Shaded","section":"Shading Mode"},"sceneLighting":false,"audioPlay":false,"sceneViewState":{"showFog":false,"showMaterialUpdate":false,"showSkybox":false,"showFlares":false,"showImageEffects":false,"showParticleSystems":false},"in2DMode":false,"pivot":{"x":0.0012313127517700196,"y":0.4826776087284088,"z":-2.9802322387695315e-8},"rotation":{"x":-0.137783020734787,"y":-0.035057682543992999,"z":0.004880423657596111,"w":-0.9898311495780945},"size":0.8922317028045654,"orthographic":false}