{"cameraMode":{"drawMode":0,"name":"Shaded","section":"Shading Mode"},"sceneLighting":false,"audioPlay":false,"sceneViewState":{"showFog":false,"showMaterialUpdate":false,"showSkybox":false,"showFlares":false,"showImageEffects":false,"showParticleSystems":false},"in2DMode":false,"pivot":{"x":6.255014419555664,"y":-3.441845655441284,"z":78.56090545654297},"rotation":{"x":0.008478008210659027,"y":-0.21959078311920167,"z":-0.00190832675434649,"w":-0.9755558967590332},"size":5.593599319458008,"orthographic":false}