{"cameraMode":{"drawMode":0,"name":"Shaded","section":"Shading Mode"},"sceneLighting":false,"audioPlay":false,"sceneViewState":{"showFog":false,"showMaterialUpdate":false,"showSkybox":false,"showFlares":false,"showImageEffects":false,"showParticleSystems":false},"in2DMode":false,"pivot":{"x":2.7989447116851808,"y":2.4090919494628908,"z":13.69643783569336},"rotation":{"x":-0.08693632483482361,"y":0.6051731705665588,"z":-0.06672225147485733,"w":-0.7885154485702515},"size":1.5944401025772095,"orthographic":false}