{"cameraMode":{"drawMode":0,"name":"Shaded","section":"Shading Mode"},"sceneLighting":false,"audioPlay":false,"sceneViewState":{"showFog":false,"showMaterialUpdate":false,"showSkybox":false,"showFlares":false,"showImageEffects":false,"showParticleSystems":false},"in2DMode":false,"pivot":{"x":0.000054001808166503906,"y":1.1935219764709473,"z":-0.0869869589805603},"rotation":{"x":0.02530389092862606,"y":-0.9593293070793152,"z":0.08780920505523682,"w":0.26709458231925967},"size":1.693505048751831,"orthographic":false}