{"cameraMode":{"drawMode":0,"name":"Shaded","section":"Shading Mode"},"sceneLighting":false,"audioPlay":false,"sceneViewState":{"showFog":false,"showMaterialUpdate":false,"showSkybox":false,"showFlares":false,"showImageEffects":false,"showParticleSystems":false},"in2DMode":false,"pivot":{"x":1.4443156719207764,"y":2.6553945541381838,"z":2.7884738445281984},"rotation":{"x":0.02530389092862606,"y":-0.9593293070793152,"z":0.08780920505523682,"w":0.26709458231925967},"size":1.8672279119491578,"orthographic":false}