{"cameraMode":{"drawMode":0,"name":"Shaded","section":"Shading Mode"},"sceneLighting":false,"audioPlay":false,"sceneViewState":{"showFog":false,"showMaterialUpdate":false,"showSkybox":false,"showFlares":false,"showImageEffects":false,"showParticleSystems":false},"in2DMode":false,"pivot":{"x":1.6846779584884644,"y":1.537664532661438,"z":1.9835624694824219},"rotation":{"x":0.15487267076969148,"y":0.8435042500495911,"z":-0.3831199109554291,"w":0.3431330621242523},"size":0.2540777325630188,"orthographic":false}