{"cameraMode":{"drawMode":0,"name":"Shaded","section":"Shading Mode"},"sceneLighting":false,"audioPlay":false,"sceneViewState":{"showFog":false,"showMaterialUpdate":false,"showSkybox":false,"showFlares":false,"showImageEffects":false,"showParticleSystems":false},"in2DMode":false,"pivot":{"x":2.7989447116851808,"y":2.648949146270752,"z":13.69643783569336},"rotation":{"x":0.02530389092862606,"y":-0.9593293070793152,"z":0.08780920505523682,"w":0.26709458231925967},"size":1.7641830444335938,"orthographic":false}